use proj2;

-- 1º distrito
insert into distrito values('Aveiro',1);
insert into distrito values('Beja',2);
insert into distrito values('Braga',3);
insert into distrito values('Bragança',4);
insert into distrito values('Castelo Branco',5);
insert into distrito values('Coimbra',6);
insert into distrito values('Évora',7);
insert into distrito values('Faro',8);
insert into distrito values('Guarda',9);
insert into distrito values('Leiria',10);
insert into distrito values('Lisboa',11);
insert into distrito values('Portalegre',12);
insert into distrito values('Porto',13);
insert into distrito values('Santarém',14);
insert into distrito values('Setúbal',15);
insert into distrito values('Viana do Castelo',16);
insert into distrito values('Vila Real',17);
insert into distrito values('Viseu',18);
insert into distrito values('Angra do Heroísmo',19);
insert into distrito values('Horta',20);
insert into distrito values('Ponta Delgada',21);
insert into distrito values('Funchal',22);
-- 2º concelho
insert into concelho(conc_concelho,conc_codigo,conc_dist_codigo) values('Agueda',1,1);
insert into concelho(conc_concelho,conc_codigo,conc_dist_codigo) values('Anadia',2,1);
insert into concelho(conc_concelho,conc_codigo,conc_dist_codigo) values('Arouca',3,1);

insert into concelho(conc_concelho,conc_codigo,conc_dist_codigo) values('Alvito',1,2);
insert into concelho(conc_concelho,conc_codigo,conc_dist_codigo) values('Beja',2,2);
insert into concelho(conc_concelho,conc_codigo,conc_dist_codigo) values('Serpa',3,2);

insert into concelho(conc_concelho,conc_codigo,conc_dist_codigo) values('Braga',1,3);
insert into concelho(conc_concelho,conc_codigo,conc_dist_codigo) values('Guimarâes',2,3);
insert into concelho(conc_concelho,conc_codigo,conc_dist_codigo) values('Vila Verde',3,3);

insert into concelho(conc_concelho,conc_codigo,conc_dist_codigo) values('Bragança',1,4);
insert into concelho(conc_concelho,conc_codigo,conc_dist_codigo) values('Mirandela',2,4);
insert into concelho(conc_concelho,conc_codigo,conc_dist_codigo) values('Vila Flor',3,4);

insert into concelho(conc_concelho,conc_codigo,conc_dist_codigo) values('Castelo Branco',1,5);
insert into concelho(conc_concelho,conc_codigo,conc_dist_codigo) values('Covilhã',2,5);
insert into concelho(conc_concelho,conc_codigo,conc_dist_codigo) values('Fundão',3,5);

insert into concelho(conc_concelho,conc_codigo,conc_dist_codigo) values('Coimbra',1,6);
insert into concelho(conc_concelho,conc_codigo,conc_dist_codigo) values('Lousã',2,6);
insert into concelho(conc_concelho,conc_codigo,conc_dist_codigo) values('Montemor-o-Velho',3,6);

insert into concelho(conc_concelho,conc_codigo,conc_dist_codigo) values('Évora',1,7);
insert into concelho(conc_concelho,conc_codigo,conc_dist_codigo) values('Mourão',2,7);
insert into concelho(conc_concelho,conc_codigo,conc_dist_codigo) values('Vendas Novas',3,7);

insert into concelho(conc_concelho,conc_codigo,conc_dist_codigo) values('Faro',1,8);
insert into concelho(conc_concelho,conc_codigo,conc_dist_codigo) values('Loulé',2,8);
insert into concelho(conc_concelho,conc_codigo,conc_dist_codigo) values('Silves',3,8);

insert into concelho(conc_concelho,conc_codigo,conc_dist_codigo) values('Guarda',1,9);
insert into concelho(conc_concelho,conc_codigo,conc_dist_codigo) values('Gouveia',2,9);
insert into concelho(conc_concelho,conc_codigo,conc_dist_codigo) values('Seia',3,9);

insert into concelho(conc_concelho,conc_codigo,conc_dist_codigo) values('Batalha',1,10);
insert into concelho(conc_concelho,conc_codigo,conc_dist_codigo) values('Leiria',2,10);
insert into concelho(conc_concelho,conc_codigo,conc_dist_codigo) values('Óbidos',3,10);

insert into concelho(conc_concelho,conc_codigo,conc_dist_codigo) values('Cascais',1,11);
insert into concelho(conc_concelho,conc_codigo,conc_dist_codigo) values('Lisboa',2,11);
insert into concelho(conc_concelho,conc_codigo,conc_dist_codigo) values('Torres Vedras',3,11);

insert into concelho(conc_concelho,conc_codigo,conc_dist_codigo) values('Campo Maior',1,12);
insert into concelho(conc_concelho,conc_codigo,conc_dist_codigo) values('Portalegre',2,12);
insert into concelho(conc_concelho,conc_codigo,conc_dist_codigo) values('Sousel',3,12);

insert into concelho(conc_concelho,conc_codigo,conc_dist_codigo) values('Porto',1,13);
insert into concelho(conc_concelho,conc_codigo,conc_dist_codigo) values('Baião',2,13);
insert into concelho(conc_concelho,conc_codigo,conc_dist_codigo) values('Penafiel',3,13);

insert into concelho(conc_concelho,conc_codigo,conc_dist_codigo) values('Tomar',1,14);
insert into concelho(conc_concelho,conc_codigo,conc_dist_codigo) values('Santarém',2,14);
insert into concelho(conc_concelho,conc_codigo,conc_dist_codigo) values('Coruche',3,14);

insert into concelho(conc_concelho,conc_codigo,conc_dist_codigo) values('Almada',1,15);
insert into concelho(conc_concelho,conc_codigo,conc_dist_codigo) values('Seixal',2,15);
insert into concelho(conc_concelho,conc_codigo,conc_dist_codigo) values('Setúbal',3,15);

insert into concelho(conc_concelho,conc_codigo,conc_dist_codigo) values('Caminha',1,16);
insert into concelho(conc_concelho,conc_codigo,conc_dist_codigo) values('Ponte de Lima',2,16);
insert into concelho(conc_concelho,conc_codigo,conc_dist_codigo) values('Viana do Castelo',3,16);

insert into concelho(conc_concelho,conc_codigo,conc_dist_codigo) values('Chaves',1,17);
insert into concelho(conc_concelho,conc_codigo,conc_dist_codigo) values('Vila Real',2,17);
insert into concelho(conc_concelho,conc_codigo,conc_dist_codigo) values('Sabrosa',3,17);

insert into concelho(conc_concelho,conc_codigo,conc_dist_codigo) values('Lamego',1,18);
insert into concelho(conc_concelho,conc_codigo,conc_dist_codigo) values('Viseu',2,18);
insert into concelho(conc_concelho,conc_codigo,conc_dist_codigo) values('Tondela',3,18);

insert into concelho(conc_concelho,conc_codigo,conc_dist_codigo) values('Velas',1,19);
insert into concelho(conc_concelho,conc_codigo,conc_dist_codigo) values('Angra do Heroísmo',2,19);
insert into concelho(conc_concelho,conc_codigo,conc_dist_codigo) values('Vila praia da Vitória',3,19);

insert into concelho(conc_concelho,conc_codigo,conc_dist_codigo) values('Horta',1,20);
insert into concelho(conc_concelho,conc_codigo,conc_dist_codigo) values('Lajes das Flores',2,20);
insert into concelho(conc_concelho,conc_codigo,conc_dist_codigo) values('Madalena',3,20);

insert into concelho(conc_concelho,conc_codigo,conc_dist_codigo) values('Nordeste',1,21);
insert into concelho(conc_concelho,conc_codigo,conc_dist_codigo) values('Lagoa',2,21);
insert into concelho(conc_concelho,conc_codigo,conc_dist_codigo) values('Ponta Delgada',3,21);

insert into concelho(conc_concelho,conc_codigo,conc_dist_codigo) values('Funchal',1,22);
insert into concelho(conc_concelho,conc_codigo,conc_dist_codigo) values('Santa Cruz',2,22);
insert into concelho(conc_concelho,conc_codigo,conc_dist_codigo) values('Santana',3,22);
-- 3º freguesia
insert into freguesia(freg_freguesia, freg_codigo, freg_conc_codigo, freg_conc_dist_codigo) 
values('Agueda de cima',1,1,1);
insert into freguesia(freg_freguesia, freg_codigo, freg_conc_codigo, freg_conc_dist_codigo) 
values('Moita',1,2,1);
insert into freguesia(freg_freguesia, freg_codigo, freg_conc_codigo, freg_conc_dist_codigo) 
values('Vareza',1,3,1);

insert into freguesia(freg_freguesia, freg_codigo, freg_conc_codigo, freg_conc_dist_codigo) 
values('Alvito',1,1,2);
insert into freguesia(freg_freguesia, freg_codigo, freg_conc_codigo, freg_conc_dist_codigo) 
values('Beringel',1,2,2);
insert into freguesia(freg_freguesia, freg_codigo, freg_conc_codigo, freg_conc_dist_codigo) 
values('Pias',1,3,2);

insert into freguesia(freg_freguesia, freg_codigo, freg_conc_codigo, freg_conc_dist_codigo) 
values('Lamas',1,1,3);
insert into freguesia(freg_freguesia, freg_codigo, freg_conc_codigo, freg_conc_dist_codigo) 
values('Pinheiro',1,2,3);
insert into freguesia(freg_freguesia, freg_codigo, freg_conc_codigo, freg_conc_dist_codigo) 
values('Lage',1,3,3);

insert into freguesia(freg_freguesia, freg_codigo, freg_conc_codigo, freg_conc_dist_codigo) 
values('Coelhoso',1,1,4);
insert into freguesia(freg_freguesia, freg_codigo, freg_conc_codigo, freg_conc_dist_codigo) 
values('Carvalhais',1,2,4);
insert into freguesia(freg_freguesia, freg_codigo, freg_conc_codigo, freg_conc_dist_codigo) 
values('Sampaio',1,3,4);

insert into freguesia(freg_freguesia, freg_codigo, freg_conc_codigo, freg_conc_dist_codigo) 
values('Almaceda',1,1,5);
insert into freguesia(freg_freguesia, freg_codigo, freg_conc_codigo, freg_conc_dist_codigo) 
values('Ferro',1,2,5);
insert into freguesia(freg_freguesia, freg_codigo, freg_conc_codigo, freg_conc_dist_codigo) 
values('Telhado',1,3,5);

insert into freguesia(freg_freguesia, freg_codigo, freg_conc_codigo, freg_conc_dist_codigo) 
values('Santo António dos Olivais',1,1,6);
insert into freguesia(freg_freguesia, freg_codigo, freg_conc_codigo, freg_conc_dist_codigo) 
values('Serpins',1,2,6);
insert into freguesia(freg_freguesia, freg_codigo, freg_conc_codigo, freg_conc_dist_codigo) 
values('Pereira',1,3,6);

insert into freguesia(freg_freguesia, freg_codigo, freg_conc_codigo, freg_conc_dist_codigo) 
values('S. Bento do Mato',1,1,7);
insert into freguesia(freg_freguesia, freg_codigo, freg_conc_codigo, freg_conc_dist_codigo) 
values('Luz',1,2,7);
insert into freguesia(freg_freguesia, freg_codigo, freg_conc_codigo, freg_conc_dist_codigo) 
values('Vendas Novas',1,3,7);

insert into freguesia(freg_freguesia, freg_codigo, freg_conc_codigo, freg_conc_dist_codigo) 
values('Montenegro',1,1,8);
insert into freguesia(freg_freguesia, freg_codigo, freg_conc_codigo, freg_conc_dist_codigo) 
values('Ameixal',1,2,8);
insert into freguesia(freg_freguesia, freg_codigo, freg_conc_codigo, freg_conc_dist_codigo) 
values('Silves',1,3,8);

insert into freguesia(freg_freguesia, freg_codigo, freg_conc_codigo, freg_conc_dist_codigo) 
values('Casal de cinza',1,1,9);
insert into freguesia(freg_freguesia, freg_codigo, freg_conc_codigo, freg_conc_dist_codigo) 
values('S. Paio',1,2,9);
insert into freguesia(freg_freguesia, freg_codigo, freg_conc_codigo, freg_conc_dist_codigo) 
values('Sandomil',1,3,9);

insert into freguesia(freg_freguesia, freg_codigo, freg_conc_codigo, freg_conc_dist_codigo) 
values('Batalha',1,1,10);
insert into freguesia(freg_freguesia, freg_codigo, freg_conc_codigo, freg_conc_dist_codigo) 
values('Amor',1,2,10);
insert into freguesia(freg_freguesia, freg_codigo, freg_conc_codigo, freg_conc_dist_codigo) 
values('Vau',1,3,10);

insert into freguesia(freg_freguesia, freg_codigo, freg_conc_codigo, freg_conc_dist_codigo) 
values('Cascais e Estoril',1,1,11);
insert into freguesia(freg_freguesia, freg_codigo, freg_conc_codigo, freg_conc_dist_codigo) 
values('Ajuda',1,2,11);
insert into freguesia(freg_freguesia, freg_codigo, freg_conc_codigo, freg_conc_dist_codigo) 
values('Silveira',1,3,11);

insert into freguesia(freg_freguesia, freg_codigo, freg_conc_codigo, freg_conc_dist_codigo) 
values('S. João Baptista',1,1,12);
insert into freguesia(freg_freguesia, freg_codigo, freg_conc_codigo, freg_conc_dist_codigo) 
values('Alegrete',1,2,12);
insert into freguesia(freg_freguesia, freg_codigo, freg_conc_codigo, freg_conc_dist_codigo) 
values('Sousel',1,3,12);

insert into freguesia(freg_freguesia, freg_codigo, freg_conc_codigo, freg_conc_dist_codigo) 
values('Bonfim',1,1,13);
insert into freguesia(freg_freguesia, freg_codigo, freg_conc_codigo, freg_conc_dist_codigo) 
values('Viariz',1,2,13);
insert into freguesia(freg_freguesia, freg_codigo, freg_conc_codigo, freg_conc_dist_codigo) 
values('Penafiel',1,3,13);

insert into freguesia(freg_freguesia, freg_codigo, freg_conc_codigo, freg_conc_dist_codigo) 
values('Paialvo',1,1,14);
insert into freguesia(freg_freguesia, freg_codigo, freg_conc_codigo, freg_conc_dist_codigo) 
values('Moçarria',1,2,14);
insert into freguesia(freg_freguesia, freg_codigo, freg_conc_codigo, freg_conc_dist_codigo) 
values('Branca',1,3,14);

insert into freguesia(freg_freguesia, freg_codigo, freg_conc_codigo, freg_conc_dist_codigo) 
values('Costa da Caparica',1,1,15);
insert into freguesia(freg_freguesia, freg_codigo, freg_conc_codigo, freg_conc_dist_codigo) 
values('Amora',1,2,15);
insert into freguesia(freg_freguesia, freg_codigo, freg_conc_codigo, freg_conc_dist_codigo) 
values('Sado',1,3,15);

insert into freguesia(freg_freguesia, freg_codigo, freg_conc_codigo, freg_conc_dist_codigo) 
values('Argela',1,1,16);
insert into freguesia(freg_freguesia, freg_codigo, freg_conc_codigo, freg_conc_dist_codigo) 
values('Calvelo',1,2,16);
insert into freguesia(freg_freguesia, freg_codigo, freg_conc_codigo, freg_conc_dist_codigo) 
values('Vila Franca',1,3,16);

insert into freguesia(freg_freguesia, freg_codigo, freg_conc_codigo, freg_conc_dist_codigo) 
values('Águas Frias',1,1,17);
insert into freguesia(freg_freguesia, freg_codigo, freg_conc_codigo, freg_conc_dist_codigo) 
values('Nogueira e Erminda',1,2,17);
insert into freguesia(freg_freguesia, freg_codigo, freg_conc_codigo, freg_conc_dist_codigo) 
values('Sabrosa',1,3,17);

insert into freguesia(freg_freguesia, freg_codigo, freg_conc_codigo, freg_conc_dist_codigo) 
values('Lazarim',1,1,18);
insert into freguesia(freg_freguesia, freg_codigo, freg_conc_codigo, freg_conc_dist_codigo) 
values('Rio de Loba',1,2,18);
insert into freguesia(freg_freguesia, freg_codigo, freg_conc_codigo, freg_conc_dist_codigo) 
values('Varzea da Serra',1,3,18);

insert into freguesia(freg_freguesia, freg_codigo, freg_conc_codigo, freg_conc_dist_codigo) 
values('Rosais',1,1,19);
insert into freguesia(freg_freguesia, freg_codigo, freg_conc_codigo, freg_conc_dist_codigo) 
values('Porto Judeu',1,2,19);
insert into freguesia(freg_freguesia, freg_codigo, freg_conc_codigo, freg_conc_dist_codigo) 
values('Cabo da Praia',1,3,19);

insert into freguesia(freg_freguesia, freg_codigo, freg_conc_codigo, freg_conc_dist_codigo) 
values('Cedros',1,1,20);
insert into freguesia(freg_freguesia, freg_codigo, freg_conc_codigo, freg_conc_dist_codigo) 
values('Mosteiro',1,2,20);
insert into freguesia(freg_freguesia, freg_codigo, freg_conc_codigo, freg_conc_dist_codigo) 
values('Madalena',1,3,20);

insert into freguesia(freg_freguesia, freg_codigo, freg_conc_codigo, freg_conc_dist_codigo) 
values('Achadinha',1,1,21);
insert into freguesia(freg_freguesia, freg_codigo, freg_conc_codigo, freg_conc_dist_codigo) 
values('Ribeira de Chã',1,2,21);
insert into freguesia(freg_freguesia, freg_codigo, freg_conc_codigo, freg_conc_dist_codigo) 
values('Ponta Delgada(S. José)',1,3,21);

insert into freguesia(freg_freguesia, freg_codigo, freg_conc_codigo, freg_conc_dist_codigo) 
values('Funchal(Santa Luzia)',1,1,22);
insert into freguesia(freg_freguesia, freg_codigo, freg_conc_codigo, freg_conc_dist_codigo) 
values('Santa Cruz',1,2,22);
insert into freguesia(freg_freguesia, freg_codigo, freg_conc_codigo, freg_conc_dist_codigo) 
values('S. Jorge',1,3,22);
-- 4º tipologia
insert into tipologia values("T0");
insert into tipologia values("T1");
insert into tipologia values("T2");
insert into tipologia values("T3");
insert into tipologia values("T4");
insert into tipologia values("T5");
insert into tipologia values("T6");
insert into tipologia values("T7");
insert into tipologia values("T8");
insert into tipologia values("T9");
insert into tipologia values("V1");
insert into tipologia values("V2");
insert into tipologia values("V3");
insert into tipologia values("V4");
insert into tipologia values("V5");
insert into tipologia values("V6");
insert into tipologia values("V7");
insert into tipologia values("V8");
insert into tipologia values("V9");
insert into tipologia values("Villa");
-- 5º caracteristicas
insert into características(carac_caracteristica) values('Estado novo');
insert into características(carac_caracteristica) values('Estado usado');
insert into características(carac_caracteristica) values('Estado danificado');
insert into características(carac_caracteristica) values('Possui quintal');
insert into características(carac_caracteristica) values('Possui terraço');
insert into características(carac_caracteristica) values('Possui piscina');
insert into características(carac_caracteristica) values('Possui garagem');
insert into características(carac_caracteristica) values('Possui jacuzi');
insert into características(carac_caracteristica) values('Possui uma casa de banho');
insert into características(carac_caracteristica) values('Possui duas casas de banho');
insert into características(carac_caracteristica) values('Junto de transportes públicos');
insert into características(carac_caracteristica) values('Junto de praias');
insert into características(carac_caracteristica) values('Zona calma');
insert into características(carac_caracteristica) values('Zona movimentada');
insert into características(carac_caracteristica) values('Zona comercial');
-- 6º alojamento
insert into alojamento(aloj_morada,aloj_localizacao,aloj_area,aloj_tipol_tipologia,aloj_freg_codigo,aloj_conc_codigo,aloj_conc_dist_codigo)
values('Rua das Flores, Nº2, 3ºD','10.3/32.5',100,'T2',1,2,2);
insert into alojamento(aloj_morada,aloj_localizacao,aloj_area,aloj_tipol_tipologia,aloj_freg_codigo,aloj_conc_codigo,aloj_conc_dist_codigo)
values('Rua das Flores, Nº5, 1ºE','10.5/32.5',110,'T1',1,2,2);
insert into alojamento(aloj_morada,aloj_localizacao,aloj_area,aloj_tipol_tipologia,aloj_freg_codigo,aloj_conc_codigo,aloj_conc_dist_codigo)
values('Praceta José Amaral, Nº20, R/C','31.6/20.5',400,'V2',1,1,15);
insert into alojamento(aloj_morada,aloj_localizacao,aloj_area,aloj_tipol_tipologia,aloj_freg_codigo,aloj_conc_codigo,aloj_conc_dist_codigo)
values('Rua Maria dos Santos, Nº2, 2ºE','11.5/80.2',110,'T0',1,2,12);
insert into alojamento(aloj_morada,aloj_localizacao,aloj_area,aloj_tipol_tipologia,aloj_freg_codigo,aloj_conc_codigo,aloj_conc_dist_codigo)
values('Rua dos Anjos, Nº45, 6ºF','1.5/40.5',300,'T3',1,3,2);
insert into alojamento(aloj_morada,aloj_localizacao,aloj_area,aloj_tipol_tipologia,aloj_freg_codigo,aloj_conc_codigo,aloj_conc_dist_codigo)
values('Praceta de António Atum, Nº1, 2ºE','10.1/34.6',145,'T2',1,2,2);
insert into alojamento(aloj_morada,aloj_localizacao,aloj_area,aloj_tipol_tipologia,aloj_freg_codigo,aloj_conc_codigo,aloj_conc_dist_codigo)
values('Rua de Sardinhas Grelhadas, Nº53, R/C','42.1/24.5',1000,'V5',1,2,22);
insert into alojamento(aloj_morada,aloj_localizacao,aloj_area,aloj_tipol_tipologia,aloj_freg_codigo,aloj_conc_codigo,aloj_conc_dist_codigo)
values('Praceta de Deus nosso Senhor, Nº40, R/C','11.3/34.5',6000,'V9',1,3,21);
insert into alojamento(aloj_morada,aloj_localizacao,aloj_area,aloj_tipol_tipologia,aloj_freg_codigo,aloj_conc_codigo,aloj_conc_dist_codigo)
values('Rua de Azerbeijão, Nº20, 1ºF','18.5/74.9',4665,'V7',1,1,16);
insert into alojamento(aloj_morada,aloj_localizacao,aloj_area,aloj_tipol_tipologia,aloj_freg_codigo,aloj_conc_codigo,aloj_conc_dist_codigo)
values('Praceta Miguel de Andrade, Nº18, 8ºE','1.1/31.5',145,'T1',1,2,5);
insert into alojamento(aloj_morada,aloj_localizacao,aloj_area,aloj_tipol_tipologia,aloj_freg_codigo,aloj_conc_codigo,aloj_conc_dist_codigo)
values('Rua do João, Nº33, 1ºE','42.1/26.2',200,'T2',1,1,17);
insert into alojamento(aloj_morada,aloj_localizacao,aloj_area,aloj_tipol_tipologia,aloj_freg_codigo,aloj_conc_codigo,aloj_conc_dist_codigo)
values('Praceta do Gervásio, Nº21, R/CºD','79.2/99.2',40,'T0',1,2,19);
-- 7º caracaloj
insert into caracteristicasaloj values('Rua das Flores, Nº2, 3ºD',3);
insert into caracteristicasaloj values('Rua das Flores, Nº2, 3ºD',2);
insert into caracteristicasaloj values('Rua das Flores, Nº2, 3ºD',5);
insert into caracteristicasaloj values('Rua das Flores, Nº2, 3ºD',10);
insert into caracteristicasaloj values('Rua das Flores, Nº5, 1ºE',1);
insert into caracteristicasaloj values('Rua das Flores, Nº5, 1ºE',4);
insert into caracteristicasaloj values('Rua das Flores, Nº5, 1ºE',8);
insert into caracteristicasaloj values('Rua das Flores, Nº5, 1ºE',15);
insert into caracteristicasaloj values('Praceta José Amaral, Nº20, R/C',12);
insert into caracteristicasaloj values('Praceta José Amaral, Nº20, R/C',2);
insert into caracteristicasaloj values('Praceta José Amaral, Nº20, R/C',4);
insert into caracteristicasaloj values('Praceta José Amaral, Nº20, R/C',7);
insert into caracteristicasaloj values('Rua Maria dos Santos, Nº2, 2ºE',7);
insert into caracteristicasaloj values('Rua Maria dos Santos, Nº2, 2ºE',2);
insert into caracteristicasaloj values('Rua Maria dos Santos, Nº2, 2ºE',1);
insert into caracteristicasaloj values('Rua Maria dos Santos, Nº2, 2ºE',4);
insert into caracteristicasaloj values('Rua dos Anjos, Nº45, 6ºF',2);
insert into caracteristicasaloj values('Rua dos Anjos, Nº45, 6ºF',5);
insert into caracteristicasaloj values('Rua dos Anjos, Nº45, 6ºF',3);
insert into caracteristicasaloj values('Rua dos Anjos, Nº45, 6ºF',7);
insert into caracteristicasaloj values('Praceta de António Atum, Nº1, 2ºE',2);
insert into caracteristicasaloj values('Praceta de António Atum, Nº1, 2ºE',1);
insert into caracteristicasaloj values('Praceta de António Atum, Nº1, 2ºE',3);
insert into caracteristicasaloj values('Praceta de António Atum, Nº1, 2ºE',4);
insert into caracteristicasaloj values('Rua de Sardinhas Grelhadas, Nº53, R/C',2);
insert into caracteristicasaloj values('Rua de Sardinhas Grelhadas, Nº53, R/C',6);
insert into caracteristicasaloj values('Rua de Sardinhas Grelhadas, Nº53, R/C',8);
insert into caracteristicasaloj values('Rua de Sardinhas Grelhadas, Nº53, R/C',9);
insert into caracteristicasaloj values('Praceta de Deus nosso Senhor, Nº40, R/C',1);
insert into caracteristicasaloj values('Praceta de Deus nosso Senhor, Nº40, R/C',3);
insert into caracteristicasaloj values('Praceta de Deus nosso Senhor, Nº40, R/C',5);
insert into caracteristicasaloj values('Praceta de Deus nosso Senhor, Nº40, R/C',7);
insert into caracteristicasaloj values('Rua de Azerbeijão, Nº20, 1ºF',15);
insert into caracteristicasaloj values('Rua de Azerbeijão, Nº20, 1ºF',14);
insert into caracteristicasaloj values('Rua de Azerbeijão, Nº20, 1ºF',12);
insert into caracteristicasaloj values('Rua de Azerbeijão, Nº20, 1ºF',10);
insert into caracteristicasaloj values('Praceta Miguel de Andrade, Nº18, 8ºE',2);
insert into caracteristicasaloj values('Praceta Miguel de Andrade, Nº18, 8ºE',4);
insert into caracteristicasaloj values('Praceta Miguel de Andrade, Nº18, 8ºE',6);
insert into caracteristicasaloj values('Praceta Miguel de Andrade, Nº18, 8ºE',10);
insert into caracteristicasaloj values('Rua do João, Nº33, 1ºE',5);
insert into caracteristicasaloj values('Rua do João, Nº33, 1ºE',7);
insert into caracteristicasaloj values('Rua do João, Nº33, 1ºE',9);
insert into caracteristicasaloj values('Rua do João, Nº33, 1ºE',11);
insert into caracteristicasaloj values('Praceta do Gervásio, Nº21, R/CºD',7);
insert into caracteristicasaloj values('Praceta do Gervásio, Nº21, R/CºD',9);
insert into caracteristicasaloj values('Praceta do Gervásio, Nº21, R/CºD',11);
insert into caracteristicasaloj values('Praceta do Gervásio, Nº21, R/CºD',13);
-- 8º serviços
insert into serviço values('Sport++');
insert into serviço values('DELL');
insert into serviço values('EDP');
insert into serviço values('Nike');
insert into serviço values('Adidas');
insert into serviço values('Asus');
insert into serviço values('Vodafone');
insert into serviço values('Meo');
insert into serviço values('Continente');
insert into serviço values('Leroy Merlin');
insert into serviço values('Casa');
insert into serviço values('Jom');
insert into serviço value('Worten');
insert into serviço values('Conforama');
insert into serviço values('Decathlon');
-- 9º produtos
insert into produto values('Chuteiras');
insert into produto values('WC (Portable)');
insert into produto values('Ténis');
insert into produto values('Micro-ondas');
insert into produto values('Frigorífico');
insert into produto values('Sofá');
insert into produto values('Cadeira');
insert into produto values('Computador');
insert into produto values('Rooter Internet');
insert into produto values('Mesa');
insert into produto values('Fogão');
insert into produto values('Máquina de lavar roupa');
insert into produto values('Máquina de lavar loiça');
insert into produto values('Ténis de mesa');
insert into produto values('Cama casal');
insert into produto values('Cama individual');
insert into produto values('Cabos de Inthernet');
insert into produto values('Bola de futebol');
insert into produto values('Bola de basquet');
-- 10º compra
insert into compra values(null
,100, '2011-2-1', 'Micro-ondas','Worten','Rua de Azerbeijão, Nº20, 1ºF');
insert into compra values(null
,600, '2012-10-2', 'Frigorífico','Worten','Rua de Azerbeijão, Nº20, 1ºF');
insert into compra values(null
,250, '2012-10-3', 'Cama individual','Jom','Rua de Azerbeijão, Nº20, 1ºF');
insert into compra values(null
,60, '2013-1-1', 'Ténis','Nike','Praceta Miguel de Andrade, Nº18, 8ºE');
insert into compra values(null
,400, '2013-1-1', 'Máquina de lavar loiça','Worten','Praceta Miguel de Andrade, Nº18, 8ºE');
insert into compra values(null
,570, '2013-10-3', 'Cama casal','Jom','Praceta Miguel de Andrade, Nº18, 8ºE');
insert into compra values(null
,60, '2013-11-2', 'Ténis','Adidas','Rua das Flores, Nº2, 3ºD');
insert into compra values(null
,20, '2014-1-2', 'Bola de basquet','Sport++','Rua das Flores, Nº2, 3ºD');
insert into compra values(null
,400, '2014-2-12', 'Máquina de lavar roupa','Worten','Rua das Flores, Nº2, 3ºD');
insert into compra values(null
,570, '2014-11-3', 'Cama casal','Jom','Rua das Flores, Nº2, 3ºD');
-- 11º participante
insert into participante values('M','João Manuel Gouveia',null,'2003-10-2',null);
insert into participante values('M','David Ezequiel Valadas Ganhão',null,'2002-3-20',null);
insert into participante values('M','Tomás Afonso Ramos',null,'2001-10-30',null);
insert into participante values('F','Maria Fernanda dos Santos',null,'1998-5-23',null);
insert into participante values('F','Elisa Rui Viegas',null,'2004-11-2',null);
insert into participante values('M','João Martins Fonseca',null,'2002-7-28',null);
insert into participante values('M','Manuel Valente',null,'2000-5-6',null);
insert into participante values('F','Ana Mário Antunes',null,'2005-12-10',null);
insert into participante values('F','Filipa Filipa Manuela',null,'2002-12-20',null);
insert into participante values('M','Filipe Hugo Manuel',null,'2002-5-30',null);
insert into participante values('M','Diogo Nuno Avarias',null,'2003-5-1',null);
insert into participante values('F','Manuela Yuri Forte',null,'2001-3-20',null);
insert into participante values('M','Raúl Manuel Matos',null,'2001-4-1','Rua das Flores, Nº2, 3ºD');
insert into participante values('M','Jorge Hugo Sacramento',null,'2004-3-21',null);
insert into participante values('F','Fabiana Sheila Luís',null,'2002-4-17',null);
insert into participante values('M','André da Silva Caetano',null,'1989-11-9',null);
insert into participante values('F','Mariana Vasco Horta',null,'1986-8-25',null);
insert into participante values('M','Fábio Sousa Martins',null,'1980-2-4',null);
insert into participante values('M','Fábio Jorge Caetano',null,'1984-10-2',null);
insert into participante values('F','Adele Joana Doidinho',null,'1978-7-3',null);
insert into participante values('M','Miguel João Veríssimo',null,'1980-12-24',null);
insert into participante values('F','Joana Maria Ganhão',null,'1994-7-10','Rua do João, Nº33, 1ºE');
insert into participante values('F','Rute Tiago da Concentra',null,'1992-11-3',null);
insert into participante values('M', 'Pedro Salazar Saramago',null,'1997-6-5',null);
insert into participante values('M', 'António Vasco Salmão',null, '1999-8-21',null);
insert into participante values('M', 'Emanuel Granacci Silva',null, '2001-7-2',null);
insert into participante values('F', 'Helena Vasconcelos Ramalho',null, '2002-6-3',null);
insert into participante values('F', 'Jasmina Carlota de Portalegre',null, '2003-4-7',null);
insert into participante values('M', 'Flávio Pedrogão Silves',null, '2004-6-1',null);
insert into participante values('F', 'Mariana Clara De Horta',null, '2002-1-10',null);
insert into participante values('M', 'Martim Afonso Narciso',null, '1996-2-20',null);
insert into participante values('M', 'João Carlos Silvino',null, '2002-4-8',null);
insert into participante values('F', 'Carolina Deslandes De Sintra',null, '2001-6-2',null);
insert into participante values('M', 'António Carlos Ganhão',null, '1999-9-9',null);
insert into participante values('F', 'Joana Santos Sottomayor',null, '1996-5-5',null);
insert into participante values('F', 'Beatriz Corceiro Silva',null, '2001-8-2',null);
insert into participante values('M', 'Emanuel Granacci Silva',null, '2001-7-2',null);
insert into participante values('M', 'Emanuel Granacci Silva',null, '2001-7-2',null);


-- 12º atleta
insert into atleta values(80,1.80,1);
insert into atleta values(74,1.78,2);
insert into atleta values(76,1.81,3);
insert into atleta values(84,1.73,4);
insert into atleta values(72,1.76,5);
insert into atleta values(67,1.82,6);
insert into atleta values(96,1.96,7);
insert into atleta values(62,1.67,8);
insert into atleta values(72,1.78,9);
insert into atleta values(74,1.75,10);
insert into atleta values(78,1.78,11);
insert into atleta values(75,1.78,12);
insert into atleta values(76,1.76,13);
insert into atleta values(81,1.73,14);
insert into atleta values(76,1.75,15);
insert into atleta values(72,1.86,24); 
insert into atleta values(95,1.92,25); 
insert into atleta values(78,1.87,26); 
insert into atleta values(81,1.83,27); 
insert into atleta values(69,1.73,28); 
insert into atleta values(71,1.75,29); 
insert into atleta values(66,1.70,30); 
insert into atleta values(89,1.98,31); 
insert into atleta values(83,1.99,32); 
insert into atleta values(75,1.79,33); 
insert into atleta values(71,1.81,34); 
insert into atleta values(64,1.68,35); 
insert into atleta values(68,1.72,36); 
insert into atleta values(93,2.00,37);
insert into atleta values(76,1.87,38);

-- 13º certificados
insert into certificado values('Certificado de excelência');
insert into certificado values('Certificado de participação');
-- 14º treinador
insert into treinador values(16,'Certificado de excelência');
insert into treinador values(17,'Certificado de excelência');
insert into treinador values(18,'Certificado de excelência');
insert into treinador values(19,'Certificado de participação');
insert into treinador values(20,'Certificado de excelência');
insert into treinador values(21,'Certificado de participação');
insert into treinador values(22,'Certificado de participação');
insert into treinador values(23,'Certificado de participação');
-- 15º equipa
insert into equipa values('SLB','Sport Lisboa e Benfica');
insert into equipa values('SCP','Sporting Clube de Portugal');
insert into equipa values('FCP','Futebol Clube do Porto');
insert into equipa values('CDT','Clube desportivo de Tondela');
insert into equipa values('CDCP','Clube desportivo de Cova da Piedade');
insert into equipa values('CDA','Clube desportivo de Amora');
insert into equipa values('CDG','Centro desportivo de Guimarães');
insert into equipa values('CDB','Centro desportivo de Braga');
insert into equipa values('CDC','Centro desportivo de Chaves');
-- 16º organizador
insert into organizador value('Instituto Politécnico de Setúbal');
insert into organizador value('Galp energias');
insert into organizador value('EDP');
insert into organizador value('NOS');
insert into organizador value('Make it Happen');
insert into organizador value('Cruz Vermelha');
insert into organizador value('McDonalds');
insert into organizador value('Burguer King');
-- 17º modalidade
insert into modalidade(mod_nome) value('Corrida 100m');
insert into modalidade(mod_nome) value('Corrida 1000m');
insert into modalidade(mod_nome) value('Corrida 400m');
insert into modalidade(mod_nome) value('Corrida Milha');
insert into modalidade(mod_nome) value('Triplo salto');
insert into modalidade(mod_nome) value('Salto em comprimento');
insert into modalidade(mod_nome) value('Salto em altura');
insert into modalidade(mod_nome) value('Salto com vara');
insert into modalidade(mod_nome) value('Lançamento de peso');
insert into modalidade(mod_nome) value('Lançamento de dardo');
insert into modalidade(mod_nome) value('Corrida com barreiras');
insert into modalidade(mod_nome) value('Corrida com obstáculos');
insert into modalidade(mod_nome) value('Corrida de estafeta');
insert into modalidade(mod_nome) value('Marcha');
insert into modalidade(mod_nome) value('Maratona');
-- 18º participanteEquipa
insert into participanteequipa values('SLB',1);
insert into participanteequipa values('SLB',5);
insert into participanteequipa values('SLB',8);
insert into participanteequipa values('SLB',17);
insert into participanteequipa values('CDG',2);
insert into participanteequipa values('CDG',4);
insert into participanteequipa values('CDG',18);
insert into participanteequipa values('FCP',7);
insert into participanteequipa values('FCP',10);
insert into participanteequipa values('FCP',19);
insert into participanteequipa values('SCP',11);
insert into participanteequipa values('SCP',13);
insert into participanteequipa values('SCP',20);
insert into participanteequipa values('CDT',14);
insert into participanteequipa values('CDT',21);
insert into participanteequipa values('CDT',22);
-- 19º evento
insert into evento values('Evento em que vão decorrer modalidades de atletismo no inverno.','2021-11-25','2022-01-05','Evento de Inverno Atletismo','Parque do Serrado',null,'Galp energias');
insert into evento values('Evento em que vão decorrer modalidades de atletismo na primavera.','2022-03-22','2022-06-30','Evento de Primavera Atletismo','Campo grande',null,'NOS');
-- 20º EquipaEvento
insert into equipaevento values('SLB',1);
insert into equipaevento values('CDG',1);
insert into equipaevento values('CDT',2);
insert into equipaevento values('SCP',2);
insert into equipaevento values('FCP',2);
-- 21º provas
insert into prova values(
'32.3/31.6',null,'2021-12-24','1.5 Horas',1,4,1,3,12);
insert into prova values(
'31.4/32.1',null,'2021-12-26','1.5 Horas',1,6,1,2,12);
insert into prova values(
'32.3/31.6',null,'2021-12-27','2.0 Horas',1,3,1,3,12);
insert into prova values(
'33.1/32.2',null,'2021-12-27','2.0 Horas',1,8,1,3,12);
insert into prova values(
'31.3/34.6',null,'2021-12-27','2.0 Horas',1,9,1,3,12);
insert into prova values(
'89.3/20.6',null,'2022-04-25','2.0 Horas',2,4,1,1,10);
insert into prova values(
'89.3/20.6',null,'2022-04-25','1.0 Horas',2,6,1,1,10);
insert into prova values(
'87.3/20.5',null,'2022-04-26','3.0 Horas',2,10,1,1,10);
insert into prova values(
'88.3/20.1',null,'2022-04-26','2.0 Horas',2,11,1,1,10);
insert into prova values(
'91.3/22.3',null,'2022-04-27','1.0 Horas',2,7,1,1,10);
-- 22º resultados
insert into resultados values(1,4,1,100);
insert into resultados values(2,6,1,98);
insert into resultados values(3,2,1,94);
insert into resultados values(4,7,1,56);
insert into resultados values(5,1,1,32);
insert into resultados values(1,1,2,95);
insert into resultados values(2,14,2,92);
insert into resultados values(3,6,2,86);
insert into resultados values(4,7,2,85);
insert into resultados values(5,2,2,83);
insert into resultados values(1,15,3,67);
insert into resultados values(2,7,3,66);
insert into resultados values(3,1,3,66);
insert into resultados values(4,13,3,30);
insert into resultados values(5,14,3,27);
insert into resultados values(1,12,4,100);
insert into resultados values(2,10,4,99);
insert into resultados values(3,9,4,99);
insert into resultados values(4,1,4,87);
insert into resultados values(5,14,4,84);
insert into resultados values(1,11,5,92);
insert into resultados values(2,1,5,92);
insert into resultados values(3,2,5,91);
insert into resultados values(4,6,5,87);
insert into resultados values(5,5,5,85);
insert into resultados values(1,1,6,94);
insert into resultados values(2,4,6,91);
insert into resultados values(3,3,6,85);
insert into resultados values(4,2,6,74);
insert into resultados values(5,14,6,12);
insert into resultados values(1,9,7,100);
insert into resultados values(2,10,7,76);
insert into resultados values(3,15,7,73);
insert into resultados values(4,5,7,71);
insert into resultados values(5,3,7,65);
insert into resultados values(1,2,8,89);
insert into resultados values(2,6,8,74);
insert into resultados values(3,10,8,73);
insert into resultados values(4,12,8,64);
insert into resultados values(5,14,8,43);
insert into resultados values(1,7,9,93);
insert into resultados values(2,3,9,92);
insert into resultados values(3,4,9,84);
insert into resultados values(4,1,9,81);
insert into resultados values(5,2,9,74);
insert into resultados values(1,7,10,83);
insert into resultados values(2,2,10,70);
insert into resultados values(3,3,10,35);
insert into resultados values(4,10,10,2);
insert into resultados values(5,15,10,1);
insert into resultados values(5,24,10,3);
insert into resultados values(4,25,9,95);
insert into resultados values(3,26,9,85);
insert into resultados values(2,27,8,12);
insert into resultados values(1,28,8,14);
insert into resultados values(4,29,8,88);
insert into resultados values(3,30,7,67);
insert into resultados values(2,31,7,53);
insert into resultados values(5,32,7,100);
insert into resultados values(3,33,7,35);
insert into resultados values(1,34,6,37);
insert into resultados values(2,35,6,99);
insert into resultados values(3,36,6,91);
insert into resultados values(4,37,6,56);
insert into resultados values(5,38,6,77);